Id,ORGANIZATION,NAME,GENDER,SPECIALITY,ADDRESS,CITY,STATE,ZIP,LAT,LON,ENCOUNTERS,PROCEDURES
98da237b-ff52-3538-80b4-6589b6293119,74ab949d-17ac-3309-83a0-13b4405c66aa,Gabriel934 Reilly981,F,GENERAL PRACTICE,881 Main Street,Fitchburg,MA,01420,42.586487,-71.80521,221,0
11207a55-f0ad-34f6-889a-0f001a713eb7,faffaf6a-ee1a-3673-b0b0-421a9c249244,Eva64 Burgos636,F,GENERAL PRACTICE,66 WASHINGTON ST,STOUGHTON,MA,020722571,42.14415820061801,-71.10378319512402,90,0
3801f271-2ea6-3ca4-a18a-5905c30ac9bc,4112b8b1-59df-3255-a7ca-f42ee0a4cb2e,Nereida276 Feeney44,F,GENERAL PRACTICE,37 ROUTE 6A,SANDWICH,MA,025631801,41.766329400000004,-70.5147600346998,7,0
9f425712-ef72-3943-bb6e-f7b19378d6ed,e09d4c49-c2ef-3b0f-9a46-3719d9219306,Jules135 Emard19,M,GENERAL PRACTICE,60 HOSPITAL RD,LEOMINSTER,MA,014533290,42.54031915,-71.76312990486304,349,0
539f1e86-96db-31e6-8aeb-4646f8a8f237,aa682136-a4df-3942-9f50-e6fcee6c0b73,Bradley693 Runolfsson901,M,GENERAL PRACTICE,501 CORDWAINER DRIVE,NORWELL,MA,020611630,42.1647071,-70.88149077838713,26,0
e4bb8052-054e-384b-86bb-6d8c6363aa0a,2936ca90-6594-357d-be14-53fe0ab84dd1,Daniel959 Ankunding277,M,GENERAL PRACTICE,11 TREMONT ST,KINGSTON,MA,023641231,42.00823215,-70.72984043580247,48,0
32a7d328-ad0e-369d-a8d4-cdd95881316a,ab701a70-a658-340e-8f69-ee196a7d40c6,Eduardo902 Villegas15,M,GENERAL PRACTICE,484 RTE 134,WORCESTER,MA,016071728,42.2625621,-71.8018877,155,0
28d6bb9b-e54a-375a-9664-6c3384a79847,11ba6a26-59b4-3728-a268-6dc9929962b4,Angelic427 McCullough561,F,GENERAL PRACTICE,200 GOVERNORS AVENUE,MEDFORD,MA,021551644,42.42711615,-71.1121606632448,2,0
35c294ad-239f-3487-9213-2de3a7011771,f736c0f5-6d39-3e26-8ac1-39e1fc60dfbe,Joe656 Jakubowski832,M,GENERAL PRACTICE,11 QUARRY HILL ROAD,LEE,MA,012389645,42.2816564,-73.25307843923315,38,0
c97a1594-769f-3e26-839b-1d40c0d87efd,88e28a1c-aad9-36d0-832b-b579ecb95c3d,Anthony633 Toy286,M,GENERAL PRACTICE,14 MANNING AVENUE,LEOMINSTER,MA,014535768,42.5253035,-71.7584413,17,0
6acde023-df18-3d5c-9bff-2c43c52c4448,52ecddd8-42f6-35cc-88a5-cf474c02fb49,Maxima831 Fahey393,F,GENERAL PRACTICE,94 OBERY STREET,PLYMOUTH,MA,023602130,41.93725,-70.65503160208334,146,0
e4c6140b-a8d6-3e91-bbe9-ec88429fce11,5d4da50c-8593-304f-b266-57d8f7d634a2,Hugh686 Klein929,M,GENERAL PRACTICE,250 SHEARER ST,PALMER,MA,010691428,42.168634600000004,-72.33353526811578,1,0
36898a59-1e3c-35ad-9abb-17f2833f3131,643eac8e-1620-3b6a-b9f3-664b003d22cd,Frederick289 Kiehn525,M,GENERAL PRACTICE,34 GIFFORD ST,NEW BEDFORD,MA,027442610,41.6177929,-70.91890087055067,28,0
5c630c50-0a48-3f60-8d76-ddde063da76b,5fcff9db-16e4-3e56-aa78-abbc16338097,Marcus77 Schamberger479,M,GENERAL PRACTICE,295 VARNUM AVE,WESTFORD,MA,018863513,42.5792583,-71.4378411,120,0
5b34fc9c-6388-35b0-80d2-7ae9a947aade,84abfbd5-41c1-3df4-9b31-7ca93cb2309a,Cole117 Block661,M,GENERAL PRACTICE,85 HERRICK ST,BEVERLY,MA,019151790,42.56415055,-70.8751357650672,68,0
56577b83-5f64-304e-af3b-cf81ac30adb6,cce87420-edd2-3473-9d82-5633f05186a7,Filiberto722 Keebler762,M,GENERAL PRACTICE,121 NORTHBORO RD E,MARLBOROUGH,MA,017521844,42.3420796,-71.58749123634463,1,0
4538ab78-062a-3945-8d93-147357464462,4cb90b5f-734d-322f-a2f2-776824e1ce35,Irvin970 Emard19,M,GENERAL PRACTICE,770 CONVERSE STREET,LONGMEADOW,MA,011061719,42.0639853,-72.5521444,1,0
29681fc2-0f95-3685-a912-783f61c6b20f,c272e12f-e154-3fee-b05d-b7c0cab2657d,Trinidad33 King743,M,GENERAL PRACTICE,800 WASHINGTON ST,NORWOOD,MA,020623487,42.1886973,-71.2005241,10,0
5140d36d-b175-395e-bc55-c01b5e503825,8d0f0e66-b1dc-37fd-8b4e-0dcb6b3b446e,Les282 Pollich983,M,GENERAL PRACTICE,200 Springs Rd.,Bedford,MA,01730,42.503376,-71.272644,21,0
405e81e3-5d80-3fef-9a6c-53c338603e21,02c936e2-3aee-38b2-88a4-81f3689b7bb7,Aaron697 Kohler843,M,GENERAL PRACTICE,120 FISHER AVENUE,BOSTON,MA,021203320,42.3276141,-71.1051603,14,0
aa7d7086-a1e2-3064-8528-37c89e359f65,609ec9f1-e806-3427-b912-9e3b2915521d,Cherrie404 Conn188,F,GENERAL PRACTICE,575 BEECH STREET,HOLYOKE,MA,010406604,42.20105435,-72.628169560868,3,0
a17715e7-e99d-32eb-86b6-5ff10bafe714,e93b27a8-6507-3595-84a5-f899ce23a72d,Eloisa55 Lucero848,F,GENERAL PRACTICE,70 EAST STREET,NORTH ANDOVER,MA,018456144,42.6839894,-71.1127065,15,0
3aef23b1-0219-3b37-aad4-90b268b849ed,2b84e56e-08b4-3078-b3ea-4d159208e065,Verda448 Bahringer146,F,GENERAL PRACTICE,1029 PLEASANT ST,BRIDGEWATER,MA,023242301,41.9718173,-71.00937893001648,82,0
7915c03d-3df7-371b-b774-6c9767cde724,4ffa4412-1493-3beb-b8f0-6614dde953a4,Diego848 Haro814,M,GENERAL PRACTICE,363 HIGHLAND AVENUE,WAREHAM,MA,025715011,41.745636,-70.658192,85,0
5bc7b122-71d0-31c5-8f34-7be4c7efe61c,ede4a423-6258-3ef5-b5ba-0fa6bb579563,Pablo44 Paucek755,M,GENERAL PRACTICE,326 NICHOLS ROAD,FITCHBURG,MA,014205478,42.5974358,-71.80761197366103,4,0
ef4ed5a9-1ef5-312a-b244-1a96099a2d49,a14e698d-a9ba-3eae-9c8b-682ec726433d,Brian582 Cummerata161,M,GENERAL PRACTICE,776 WESTERN AVE,LYNN,MA,019052408,42.466763,-70.9494939,10,0
5860b72f-5906-3655-80a1-a80f1a2bd259,69eae27b-7445-3652-bd34-b535abe0b011,Hong136 Schneider199,F,GENERAL PRACTICE,9 BICKNELL ST,QUINCY,MA,021696003,42.252227399999995,-70.96584679278924,32,0
4bbce3b7-1f70-379c-b829-30a9dd73411a,5ba6765a-f335-36b0-9c6a-6bb494c5330d,Sasha806 Schamberger479,F,GENERAL PRACTICE,31 OLD ROUTE 7,WESTWOOD,MA,020902333,42.2139873,-71.2244987,35,0
63251661-2a8c-36c2-ba42-ab8710ed392c,b6eeaaf7-1683-3bcb-b6ee-81ce304636ef,Zachery872 Pagac496,M,GENERAL PRACTICE,170 GOVERNORS AVE,MELROSE,MA,021763225,42.4564323,-71.064182,164,0
1d74cfbf-6002-3bd1-a6ea-d30cad3e611b,1c42af32-f17e-32ec-b007-4ff8e2de493e,Ivette731 Wunsch504,F,GENERAL PRACTICE,235 NORTH PEARL STREET,STOUGHTON,MA,020723396,42.1004556,-71.0668392,11,0
22c86c67-2c18-3ff0-9dda-cde01d01cf5e,de29a374-221b-3cb4-8051-a02c1a35e5b7,Morgan564 Marvin195,M,GENERAL PRACTICE,562 WASHINGTON ST,SOUTH ATTLEBORO,MA,027036942,41.912892049999996,-71.36135809627689,63,0
b8bbca84-186d-38b4-9a25-243fe9a5dec2,18061fd5-fda8-3e2d-87f0-0f3c87211bcc,Margarite168 Koepp521,F,GENERAL PRACTICE,1493 CAMBRIDGE ST,SOMERVILLE,MA,021431408,42.3875968,-71.0994968,3,0
6e49af49-2b96-3f2a-ad03-a76be64f8af0,1faab3d1-2ae5-3110-8e5f-c65b92ca906d,Theodore876 Ankunding277,M,GENERAL PRACTICE,29 LEWIS AVE,GREAT BARRINGTON,MA,012301713,42.19093125,-73.3715000043024,161,0
987e82d6-aeb8-3455-9fb9-ac6fffd96213,b3ada130-6443-3a8e-98c7-4ec127a2b0c4,Ned189 Haley279,M,GENERAL PRACTICE,ONE GREAT ROAD,ACTON,MA,017205601,42.4850931,-71.43284,1,0
cced9ac0-fab6-349f-99b1-404faecb7fef,084b19be-a78e-3626-b156-a50134fa7fe2,James276 Smitham825,M,GENERAL PRACTICE,10 RESEARCH PL STE 202,NORTH CHELMSFORD,MA,018632439,42.6389798,-71.3828403,34,0
f41e812c-4252-3a2d-8dbf-9dbc2444a3fc,06f1d816-dd54-3409-bd94-8dc2745f807c,Yulanda554 Hand679,F,GENERAL PRACTICE,12 KENT WAY  SUITE 210,BYFIELD,MA,019221221,42.75468625,-70.9451078257969,5,0
c2ef3ba0-aeaa-3dfd-847a-57369382e535,fe30f2b4-9bc8-346e-afba-4455d1766545,Wilson960 Turner526,M,GENERAL PRACTICE,17 LAFAYETTE AVENUE,CHELSEA,MA,021502010,42.40019115,-71.03050082480353,5,0
90e7ff62-42c7-34e5-8e2b-348a43648cf3,6cf8a214-8d57-3267-85e5-7719e15cd63e,Cindie288 Zulauf375,F,GENERAL PRACTICE,170 MORTON STREET,JAMAICA PLAIN,MA,021303735,42.299067750000006,-71.10124351911541,37,0
544ed8c9-3fa2-3649-9f40-9461661f041b,13161e5b-02d2-3d19-8b48-26ef0becfc83,Erasmo545 Crooks415,M,GENERAL PRACTICE,165 CAPTAIN'S ROW,CHELSEA,MA,021504019,42.3917638,-71.0328284,1,0
4a7f4cef-fb3e-39db-a038-a7e1ec676971,0fedae9f-701f-3317-9b2f-69aea2202cdc,Willian804 Batz141,M,GENERAL PRACTICE,88 EAST NEWTON STREET,WINTHROP,MA,021522715,42.3750976,-70.982827,27,0
9d7f4519-7ecb-370e-8c8f-eb3018838b14,0cc04ba5-137a-3ef8-acda-e79b25960b2a,Fallon874 Homenick806,F,GENERAL PRACTICE,25 ADAMS ROAD,WILLIAMSTOWN,MA,012672928,42.7009605,-73.18515951851253,3,0
d702290e-2882-3f20-8c6d-9a4dd6b28ef5,733fc7d0-7cf3-3995-82ef-a9883b807273,Melissa844 Yundt842,F,GENERAL PRACTICE,175 FRANKLIN STREET,NORTH ADAMS,MA,012472712,42.70707,-73.10094536747326,8,0
acc4fda2-3f0b-32fd-8678-0d37cbde55cc,aade280a-3b90-3e48-9648-91109a964a63,Josef103 Klein929,M,GENERAL PRACTICE,909 SUMNER ST,DARTMOUTH,MA,027473826,41.6332267,-70.9879928,92,0
2f583e4c-e316-3cf1-bc00-7cba90a5084a,981338c4-287c-3621-bc45-8b0b9f1b8922,Rosa195 Caraballo427,F,GENERAL PRACTICE,640 BOLTON ST,MARLBOROUGH,MA,017523999,42.3658183,-71.55914630258509,40,0
20dbff1d-7be6-3bc2-86d7-8e740b842332,96e9e829-0b71-3ad3-8b41-60e25b5d47d7,Doyle959 Crooks415,M,GENERAL PRACTICE,111 ORIENT AVE,EAST BOSTON,MA,021281006,42.39055278090538,-71.00587148689957,1,0
2479b03e-82c9-3827-8715-7cdfcc02f122,e59fb2d5-508c-38c6-af2e-21d8216dd2b0,Logan497 Fisher429,M,GENERAL PRACTICE,759 CHESTNUT ST,WARE,MA,010821625,42.256476,-72.237482,46,0
87a4ea8a-5e85-34e8-b3fa-1546cbc02afd,7a3b8310-02eb-3c47-aa1b-3f55b3ed9de9,Lauretta754 Dare640,F,GENERAL PRACTICE,6 HATFIELD ST,NORTHAMPTON,MA,010602545,42.333172950000005,-72.6566355591273,5,0
47f48257-3b99-387e-977c-9c2dd45b7db5,ad007cc5-a3df-3aa7-886d-5123ab59d189,Antoine384 Maggio310,M,GENERAL PRACTICE,85 N WASHINGTON ST,NORTH ATTLEBORO,MA,027601634,41.98443775,-71.33190349847027,1,0
53f30395-af00-3fca-b59e-60ebfae0edb3,980d9bfa-a344-3bff-8c02-232dd0e8fd34,Pearlie554 Lakin515,F,GENERAL PRACTICE,100 TRADE CENTER SUITE G-700,WOBURN,MA,018011851,42.4792618,-71.1522766,39,0
1c9b6d40-982c-3368-9357-45a8cf818026,0fab3c4e-a028-39a6-b15a-be5a88b6aa2a,Cletus494 Paucek755,M,GENERAL PRACTICE,222 STATE STREET,LUDLOW,MA,010563437,42.15547415,-72.47222226666076,202,0
2aa0d50a-f582-3896-9512-b02d91f87e12,3b021cb6-4745-3d9d-8436-230055f770bd,Dusty207 Franecki195,M,GENERAL PRACTICE,148 CHESTNUT ST,NEEDHAM,MA,024943238,42.27728075,-71.23665362814043,812,0
ae79277f-2728-32f3-bc12-2bda8d7fc519,52261c45-f32b-3666-9da7-890705373c9d,Ramon749 Johnston597,M,GENERAL PRACTICE,30 PERWAL ST,WESTWOOD,MA,020901928,42.21397175,-71.1786332019174,1,0
ba4664d1-065c-3c7f-9d57-b9392cb98e6b,aaa7ebaf-b1a0-38c1-ba89-a16712cf431c,Buford910 Halvorson124,M,GENERAL PRACTICE,16 PLEASANT STREET,BRIDGEWATER,MA,023242420,41.98625885,-70.97978204646246,3,0
d4d61142-5240-3d2a-ac63-f4579d7bff19,57e4e5fa-d68d-3caa-a5ad-37beb1b51207,Latrina689 White193,F,GENERAL PRACTICE,800 WASHINGTON ST,NORWOOD,MA,020623487,42.1886973,-71.2005241,4,0
b0907345-eb56-330f-9df8-b07e9469b043,2befa435-3070-3350-a15c-e43ac1e84b24,Dee580 Schuster709,M,GENERAL PRACTICE,575 BEECH STREET,HOLYOKE,MA,010406604,42.20105435,-72.628169560868,9,0
c0d14ec1-5e03-3579-a45e-37dd2d950a98,05b2593e-1bc1-32ee-8d9f-0aad4fa74ff0,Desmond566 Schaefer657,M,GENERAL PRACTICE,940 Belmont Street,Brockton,MA,02301,42.065655,-71.05398,485,0
4135a27b-21ee-3d0e-9d33-a6d7b65af0e1,ad82d624-72eb-3c7d-a76d-79f2668d1390,Mathew182 Howe413,M,GENERAL PRACTICE,3 WOODLAND RD,STONEHAM,MA,021801711,42.452443099999996,-71.08939988105112,40,0
b681fc7c-cf41-3bd5-bacc-7d3f2e60b772,70a26106-6797-39f8-83e6-6bcf212b99ad,Christopher407 Mohr916,F,GENERAL PRACTICE,340 MAIN ST,WORCESTER,MA,016081601,42.53616075,-71.74831883675786,53,0
e4c8874e-4fe0-37d9-9259-8a8ff30c5bec,b8421363-9807-3b16-a146-95336eea5cfb,Cleveland582 Kuphal363,M,GENERAL PRACTICE,30 LOCUST ST,NORTHAMPTON,MA,010602052,42.33032115,-72.65330802608176,101,0
9aed2b38-2ada-3cee-bbaf-1c87351836cf,3498e7d3-90fd-366b-bc6a-6f41dad6bae6,Pat3 Bradtke547,M,GENERAL PRACTICE,112 WEST MAIN STREET,NORTHBOROUGH,MA,015321824,42.318559050000005,-71.65097281611972,3,0
296a25f2-d46a-3d00-9c59-257ed6b09ec3,fbd4ccdf-2fdb-3652-9bbe-1ccff886bd34,Jermaine675 Collins926,M,GENERAL PRACTICE,320 CENTRAL STREET  UNIT A2,SAUGUS,MA,019062372,42.4632069,-71.0093761,7,0
4b09ffe7-a3fa-30f4-a656-56aa6f9c3bb0,65f0254a-73a3-3b06-bced-54d511445535,Maira380 Carter549,F,GENERAL PRACTICE,720 BOSTON POST ROAD,MARLBOROUGH,MA,017523766,42.355106,-71.47654,3,0
8448879a-f7de-36ab-9378-3f0a8de005b3,901c2d40-1ca3-3879-9a20-c663b8adc0a9,Emory494 Schuster709,M,GENERAL PRACTICE,800 WASHINGTON STREET,STONEHAM,MA,021802445,42.4863168,-71.0928919,72,0
5eb0193e-cfa4-33d2-a34b-47550b2e2ca0,6170552c-4d27-3e64-8068-64a380f1837d,Leo278 Pacocha935,M,GENERAL PRACTICE,76 SUMMER ST,HAVERHILL,MA,018305814,42.7786873,-71.07306505177553,36,0
933c0b10-8247-3154-ab86-201294fc0c0b,e6cc6043-299a-3581-8f6b-b3b5d62c46ae,Ellen406 Farrell962,F,GENERAL PRACTICE,532 SUMNER AVE,SPRINGFIELD,MA,011082458,42.08631583333334,-72.55792579166666,74,0
35ae728a-2885-34ca-8709-d6929047293f,b9e35b8a-9831-32d8-a6dc-d7a546c126b0,Venus149 Blick895,F,GENERAL PRACTICE,111 HUNTOON MEMORIAL HIGHWAY  1ST FLOOR,SPRINGFIELD,MA,011092550,42.1018764,-72.5886727,186,0
e8ba2043-ea17-3be9-9c24-738faf30c8ee,18df2721-3f76-3f83-94d5-63597cedd298,Gail741 Romaguera67,M,GENERAL PRACTICE,909 SUMNER ST,STOUGHTON,MA,020723396,42.1005097,-71.0830269025407,183,0
d7ce2e21-7bbe-35b7-a0a7-5d065b4d004e,e1818b21-4458-3b9c-b2b8-7ed6f57ae078,Sid118 Wilderman619,M,GENERAL PRACTICE,2399 BOSTON ROAD,WILBRAHAM,MA,010951185,42.14668485,-72.45048427046072,10,0
dedd1a64-d817-3ba0-b566-5f1d50e9dc6e,328f813e-4de8-3ec2-a113-43f3ddfb0b2a,Eldridge510 Roob72,M,GENERAL PRACTICE,30-40 WESTPARK STREET,BROCKTON,MA,023015241,42.0834335,-71.0183787,115,0
094210e4-7873-3704-82b0-cbb418a50ab6,200746fc-5d0f-3ec7-a2a9-3d9a219ee139,Arlen68 Rippin620,M,GENERAL PRACTICE,800 CUMMINGS PARK  SUITE 3100,WOBURN,MA,018016355,42.4977745,-71.1237712,3,0
9402f7c0-f89a-3812-8277-ab025149e590,dd3307db-114c-3f11-be44-a9eef6bb3fc5,Francis500 Ratke343,M,GENERAL PRACTICE,269 UNION STREET,LYNN,MA,019011201,42.4652772,-70.94362420273097,71,0
997f2369-451a-3a9b-b49f-d60066e286c6,1d87bbfa-19aa-3128-adca-420ff8d5a12a,Junior695 Pacocha935,M,GENERAL PRACTICE,771 CHURCH ST,NORTH ADAMS,MA,012474109,42.680927100000005,-73.09950699822534,94,0
14542d4c-37d2-315e-9698-29ad10f27daf,f2068cee-c75c-321d-9b2c-c33535db89c9,Charles364 Prosacco716,F,GENERAL PRACTICE,32 BOSSI AVE,RANDOLPH,MA,023682002,42.20017865,-71.0582074,25,0
757207d3-0c68-31df-9157-805ef74c65f4,9285ca02-6788-3ae1-b1b7-3b313abbfea1,Hilary419 Dach178,F,GENERAL PRACTICE,59 COOLIDGE HILL RD,WATERTOWN,MA,024722816,42.36721805,-71.1528107445055,1,0
3f390e8a-cef5-3bcb-8e56-e634ae06a34c,15d4c950-4691-3996-b4c4-bf06bfb58ff7,Emilia403 Carreón894,F,GENERAL PRACTICE,70 EAST ST,METHUEN,MA,018445883,42.7285558,-71.16833738237946,14,0
5a260259-4e43-310a-bd6e-55c4a39fda90,655f2a4f-419c-39d3-8ed6-6c4117eb7e32,Gerardo48 Herzog843,M,GENERAL PRACTICE,21 MAIN ST,NORTH READING,MA,018641326,42.566971949999996,-71.10799861135133,68,0
ebf063cc-b921-319f-98fb-df010199f7ec,118e081c-c2f2-35cd-b9c3-ef534f1b7830,Nilda678 Ziemann98,F,GENERAL PRACTICE,1364 MAIN ST,READING,MA,018671137,42.55581805,-71.10585713492983,1,0
da043527-5ebf-301e-a8cb-3250863ecf58,5018c664-e283-30eb-932a-529d9a19b3b5,Rochell365 Stehr398,F,GENERAL PRACTICE,300 SOUTH ST,WOBURN,MA,018014979,42.473347,-71.144086,8,0
d6563890-2715-3816-b1b8-809277976a5c,d140ed3f-2696-3e78-bd77-1c959ec4fc4d,Jamal145 Marks830,M,GENERAL PRACTICE,863 HATHAWAY ROAD,NEW BEDFORD,MA,027401916,41.6512968,-70.9669902070805,19,0
2c2c1699-ddbd-3e17-8112-cc041b5aafdd,d4e48a16-0a60-3e90-81e5-c35b22ffe6af,Elmer371 Kutch271,F,GENERAL PRACTICE,856 STATE RD,NORTH ADAMS,MA,012473027,42.69967208677275,-73.16330754755236,21,0
1c480449-2f9b-347d-bd38-e48a5fea49ba,bccd7d67-203c-3d93-b6b0-bff5a146cd1d,Paulene52 Kihn564,F,GENERAL PRACTICE,286 WASHINGTON ST,STOUGHTON,MA,020721763,42.1384306,-71.1022598,74,0
a54737ee-1765-3d6e-a436-dd7a4aeb8f04,263d1b03-1560-3fc3-b93d-c33a0cbd5837,Clemente531 Treutel973,M,GENERAL PRACTICE,10 RIVERSIDE DRIVE  STE 201,LAKEVILLE,MA,023471689,41.8771119,-70.92344635,9,0
f5cc43ac-22c6-3740-a557-dcf8334d2698,4e880cb9-1ca0-3582-b8cf-8a59b0d2b878,Haywood675 Bednar518,M,GENERAL PRACTICE,51 S CHURCH ST,PITTSFIELD,MA,012016178,42.44648205,-73.25863241543368,45,0
0a8269bf-a8c4-3254-910c-4953667fc6f8,a2a41caf-758f-3962-8e5f-e6e603f93d17,Rhett759 Padberg411,M,GENERAL PRACTICE,111 HUNTOON MEMORIAL HWY,ROCHDALE,MA,015421305,42.2020225,-71.89891616754682,14,0
4323fcd2-279b-3a7e-81c8-b8ad23c7b58f,ce5a2589-44ba-3e2f-ac0d-76c482da6091,Idalia306 Moore224,F,GENERAL PRACTICE,178 LOWELL STREET,LEXINGTON,MA,024202719,42.438544300000004,-71.19310317632329,1,0
0d39d975-dd14-3971-810c-790eeccae805,a6fb79e7-4abb-3a68-b62d-e501427fdca4,Barb55 Renner328,F,GENERAL PRACTICE,489 WASHINGTON ST STE 202,AUBURN,MA,015015709,42.187836,-71.83104,115,0
ac0458f9-dea6-34c7-b02c-11fbd4a9336a,81b1ef2b-8d3c-3923-859d-ae56099e037a,Maryrose226 Bradtke547,F,GENERAL PRACTICE,19 VARNUM STREET,LOWELL,MA,018502132,42.6520846,-71.29979019978185,1,0
f80d3a48-aae9-3aca-b153-bf8b345edf65,50c47685-8125-3c50-8311-8bd7ba9e9108,Eva64 Gómez206,F,GENERAL PRACTICE,4199 WASHINGTON ST,ROSLINDALE,MA,021311733,42.2871447,-71.1277526,32,0
f9a9f178-4a7e-37d0-a218-055c3b17f444,621bd7b5-3f4c-3555-8daa-f1216e352f33,Lashawnda573 Williamson769,F,GENERAL PRACTICE,34 AGASSIZ AVE,BELMONT,MA,024785023,42.38815185,-71.19406248191802,1,0
56433103-b4d0-30c5-b153-05048c83c50e,46375470-1e20-3ddc-8dc5-010ba53826b6,Clara183 Reynolds644,F,GENERAL PRACTICE,40 WRIGHT ST,PALMER,MA,010691138,42.16934095,-72.34120457065711,114,0
dcc6372a-7aad-329c-b327-72086057e3e1,47fb5a56-bee5-3ecd-9958-706b20831c82,Karey608 Torp761,F,GENERAL PRACTICE,600 CUMMINGS CENTER  SUITE 270X,WOBURN,MA,018016356,42.4792618,-71.1522766,16,0
0a01a5a0-0f02-35e7-8a38-07049e072285,1df9d0cd-af31-3418-ba9b-d9df7dd44290,Monroe732 Mills423,M,GENERAL PRACTICE,960 SOUTH ST FL 2,FITCHBURG,MA,014207037,42.5903661,-71.8119837,5,0
8e5a813c-fecf-312c-851c-225983f55ab3,ca8a919a-05f9-3687-bfb6-42800a70031e,Josue598 Flatley871,M,GENERAL PRACTICE,6111 OAK TREE BLVD STE 301,FRAMINGHAM,MA,017014613,42.3095704,-71.4413097,33,0
29d79a75-b6a1-3af4-9bc6-59c8fc90096e,eee00932-ca82-36bc-b7e8-e3fff6dbaeaa,Leif534 Hane680,M,GENERAL PRACTICE,450 BROOKLINE AVE,WEYMOUTH,MA,021893141,42.2212188,-70.9391625,29,0
b9bf6472-fd34-3bda-8945-38b4071f0c54,6c7fe370-02c4-3537-8f5e-373b2168b933,Charlesetta336 Swift555,F,GENERAL PRACTICE,60 HOSPITAL ROAD,LEOMINSTER,MA,014533791,42.54031915,-71.76312990486304,7,0
633b0ff6-1d9d-3a94-9950-94b514597d35,f8918a95-31e8-3ac4-8d12-29ca6080ebda,Rudolf736 Vandervort697,M,GENERAL PRACTICE,199 REEDSDALE RD,MILTON,MA,021863926,42.251368299999996,-71.0768393856917,17,0
44f8fb1c-5d2b-3c33-b11f-82e6b5b8d343,9cec3b3c-fe3f-344e-b9c3-e414dafcd19f,Parthenia862 Dickens475,F,GENERAL PRACTICE,120 MAIN ST,MALDEN,MA,021486904,42.41918695,-71.06618960434116,1,0
50e31cdb-f59d-3279-b15f-089d113f91c3,8d5880eb-1dd8-31ea-b7c5-21709f3bb341,Nicholle822 Satterfield305,F,GENERAL PRACTICE,50 ROWE ST,MELROSE,MA,021763201,42.4592093,-71.06078096379728,18,0
c3922c7f-bda7-3f2d-8d86-9a85871451d0,3ff0f58b-7a1f-3334-9449-ff15f68b7d86,Crystle668 McCullough561,F,GENERAL PRACTICE,275 SANDWICH ST,PLYMOUTH,MA,023607761,41.94186605,-70.6455366462985,504,0
572e76a8-c234-30f0-bc01-cecaa20d9730,70e3ad4f-b9ff-3f3e-9990-2cd7e23a9d1c,Zane918 Bosco882,M,GENERAL PRACTICE,1238 RIVERDALE ST,WEST SPRINGFIELD,MA,010894675,42.1373438,-72.62624707492338,1,0
0e833660-69a6-3093-a928-beb2625213ed,dbe1e521-57da-3855-9aa0-aabadbd17e32,Joline447 Stark857,F,GENERAL PRACTICE,454 WASHINGTON ST,NORWELL,MA,020612050,42.1592792,-70.85480698781902,1,0
2de8e064-d02e-3cd9-9959-d5f147a5f4b0,dd280187-8662-3732-af81-595d10572911,Clifton91 Lakin515,M,GENERAL PRACTICE,4499 ACUSHNET AVE,NEW BEDFORD,MA,027454707,41.74026055,-70.9450945705336,44,0
267dbfdd-55c6-372a-bfb9-70ad4c987112,a6964d47-8af0-3df2-b99d-d8414eb1cfa3,Adrienne302 Schiller186,F,GENERAL PRACTICE,200 MAY ST,SOUTH ATTLEBORO,MA,027035520,41.924394750000005,-71.36076410900014,156,0
680a181b-a6c0-37ee-8fa7-157bdc615f17,dae3ee01-f383-366e-9ad6-dc92963064ea,Kristin64 Will178,F,GENERAL PRACTICE,1233 MAIN ST,HOLYOKE,MA,010405381,42.16578055,-72.63389634691956,168,0
af854285-3448-3209-9567-7b173a73a8ea,6d947ed4-9b7f-3720-8141-67109691d2e7,María Soledad68 Ceja441,F,GENERAL PRACTICE,73 Eagle Street,Pittsfield,MA,01201,42.451427,-73.25195,574,0
6999284a-54cc-3883-8acf-91b332cbcc4b,9d989fcf-4ad9-3972-ada3-f275d967781e,Cristi782 Miller503,F,GENERAL PRACTICE,100 TER HEUN DR,SANDWICH,MA,025632377,41.7579043,-70.4968152,69,0
9b401f45-ad88-3a11-9efc-cfccf8e9dd1e,92d919ab-8380-3fda-a5f1-838e69b819c1,Jarrett354 Gutmann970,M,GENERAL PRACTICE,300 TRADECENTER STE 4750,WOBURN,MA,018017420,42.4994143,-71.161659,28,0
387be37d-a99e-33e4-8207-f3d1876fdcb1,87472bc2-7c23-37cc-8355-7f3e88614b6b,Leilani136 Kris249,F,GENERAL PRACTICE,305 MAPLE STREET,EAST LONGMEADOW,MA,010282765,42.059258494749486,-72.53388585052694,24,0
6558d6cc-b223-3755-a02b-48960b2a3108,a2cc09de-c1e2-3126-8c09-d49f95225281,Darnell564 Leannon79,M,GENERAL PRACTICE,300 LONGWOOD AVE,WALTHAM,MA,024532741,42.3756401,-71.2358004,18,0
f067e516-3c22-31fd-a5b2-c9df90f74dd2,9f2f60a6-87a4-3f45-b753-b63b5b7e9993,Maricruz991 Considine820,F,GENERAL PRACTICE,332 HANOVER STREET,BOSTON,MA,021131901,42.3647421,-71.0536619,50,0
cac074ea-5024-3c3f-ba9d-6ce6ed3e63d7,44cb1162-a345-3477-8723-c202a3c8cdcd,Shaquita282 Graham902,F,GENERAL PRACTICE,73 W MAIN ST,HOPKINTON,MA,017481619,42.21799145,-71.54005509979045,28,0
d5f233af-285d-3651-9efb-a32ca9a75c55,c5306a86-09a1-32d9-875a-67ef56e131c0,Earnest658 Gutkowski940,M,GENERAL PRACTICE,242 SUTTON ST,NORTH ANDOVER,MA,018451631,42.70773345,-71.1300651,105,0
37757b1d-0c68-336a-a38b-5b10cbefa864,f341c366-8313-3790-ab26-d8d27b116ff5,Augustine565 Greenholt190,M,GENERAL PRACTICE,80 LINCOLN STREET,WALTHAM,MA,024535465,42.39322121170625,-71.24104146434591,37,0
1125e62e-3b17-30bc-a2f3-630b8becc62c,0519b293-2e92-3eb3-aeef-233da0babc93,Juan88 Friesen796,M,GENERAL PRACTICE,40 PARKHURST ROAD,CHELMSFORD,MA,018241511,42.6198215,-71.36189212971482,15,0
d56f4217-4b92-3844-99df-8fff7a20c8f1,5c896155-eb9a-383e-9162-a43ebb7f1cc5,Jerónimo599 Alcántar600,M,GENERAL PRACTICE,400 LINDEN PONDS WAY,HINGHAM,MA,020433784,42.1972249,-70.91712645007524,1,0
317bad33-222d-3aa7-91a8-f51ea1c0f471,a730c5e6-a15f-3e36-8112-8579e507d330,Althea11 Ankunding277,F,GENERAL PRACTICE,28 LORD RD,MARLBOROUGH,MA,017524549,42.34718040987546,-71.57283065352654,18,0
b7015ab9-7acc-37a8-b0d8-c918d657aee6,5a6fa8a5-90e2-3f70-bb3e-3d9dd7ad2f96,Myrle831 D'Amore443,F,GENERAL PRACTICE,44 NEW LOMBARD RD,CHICOPEE,MA,010204857,42.1678446,-72.54203576723424,1,0
0174d654-038a-3dd0-84ae-39c25af5fc6c,e69e7cbb-8362-30d1-83f2-3a0c492fe2b1,Isaac321 Kub800,M,GENERAL PRACTICE,110 LONG POND RD,PLYMOUTH,MA,023602642,41.9255829,-70.65514326847389,153,0
22e15428-3497-324b-bab4-20f30f194b73,afc661fd-71d9-3fc3-adf2-3fc3b5e8a140,Leontine92 Schmeler639,F,GENERAL PRACTICE,680 CENTRE ST,RAYNHAM,MA,02767,41.9487118,-71.0731008,99,0
79bc7f6e-3891-3873-8149-24d1ccdfb8a4,06cc2462-430f-3322-9c87-7e971125f510,Kai187 Mann644,F,GENERAL PRACTICE,133 OLD ROAD TO 9 ACRE COR,WESTFORD,MA,018863198,42.5792583,-71.4378411,129,0
dadbf8f5-28a1-3eff-adc2-4e19a28e23c4,479427f6-9419-3eba-b2c2-b037b4b89493,Karlene380 O'Keefe54,F,GENERAL PRACTICE,180 GEORGE WASHINGTON BLVD,HULL,MA,020453069,42.2630377,-70.8606109,24,0
a2fce1da-be94-35b4-9283-e8389f23d145,dfc0bac0-55a9-3f25-b0e3-78f9f586560c,Cecilia788 Alaniz897,F,GENERAL PRACTICE,444 STOCKBRIDGE ROAD,GREAT BARRINGTON,MA,012301295,42.22088152406833,-73.34280352682327,65,0
6fd4ffd1-b78a-3be2-b180-dc15b64a482c,db106514-f254-3402-b6a4-6d210c78c7e2,Kimbra238 Runolfsdottir785,F,GENERAL PRACTICE,211 FRANKLIN STREET,QUINCY,MA,021697833,42.23691085,-71.00237199954586,1,0
234c5dfc-ce49-3e2b-a807-328b771bf125,ee7fab6f-6438-394f-b1f2-3e452f8f055a,Domonique463 Satterfield305,F,GENERAL PRACTICE,75 BRIMBAL AVENUE,BEVERLY,MA,019156009,42.570099299999995,-70.87108224250409,12,0
b7420b5b-47ca-3408-953c-16be937e449b,79508e39-d0b0-3613-9d54-168f6e1c3a18,Antonette454 Tromp100,F,GENERAL PRACTICE,200 GROTON ROAD,GROTON,MA,014502056,42.577352149999996,-71.57414587343038,5,0
2e1236ed-5757-33b0-92a9-56117d67743f,1ce0d1a3-b507-3ad1-afc5-b25bfe48b8dc,Dovie983 Welch179,F,GENERAL PRACTICE,10 PEARL STREET,STOUGHTON,MA,020722364,42.125716800000006,-71.1025481568314,2,0
5ee159fe-544b-382b-aa83-c43e2f77efc7,352f2e3b-0708-3eb4-9f7e-e73a685bf379,Gregg522 Willms744,M,GENERAL PRACTICE,157 UNION ST,SOUTHBOROUGH,MA,017721215,42.3056501,-71.5245087,234,0
4e73ce5c-a23b-338e-9637-1a66e49a7612,10ffe7b1-2f94-3f12-9288-679da05a1ec9,Brendan864 Hintz995,M,GENERAL PRACTICE,133 LITTLETON RD,WESTFORD,MA,01886,42.57056335,-71.41736646422413,97,0
318eb28a-d0c3-329d-9dd5-b5bacf3f7bc9,4fa643ae-1f58-3c2e-9f33-0ba56345ad10,Trevor374 Williamson769,M,GENERAL PRACTICE,361 MAIN ST,WAREHAM,MA,025712153,41.761384899999996,-70.71911431737183,52,0
c933596d-666e-37a1-8b98-015a879a15a0,2b97893e-dc50-378b-a266-f089b8450329,Magdalena964 Torphy630,F,GENERAL PRACTICE,250 MOUNT VERNON ST,DORCHESTER,MA,021253120,42.3194571,-71.04610844302991,47,0
c84b4f13-8a7e-36a3-b080-8d7efcf5616d,d0894f6b-78d7-338d-82ad-b63de4d40014,Dewayne363 Lemke654,M,GENERAL PRACTICE,330 MOUNT AUBURN STREET,WALTHAM,MA,02452,42.3756401,-71.2358004,693,0
4699c766-8597-388e-b1fe-714fad9031f2,3d5fbf38-c781-3e04-8c7e-5a402611b7d4,Vito638 Barton704,M,GENERAL PRACTICE,260 ELM ST,SOMERVILLE,MA,021442951,42.3955992,-71.1227391,22,0
9fe58e09-70dc-397a-8c24-fee46fe26198,f43f97f2-af04-3ed0-a42e-3681718cc9b2,Dorcas534 Quigley282,F,GENERAL PRACTICE,725 NORTH ST,PITTSFIELD,MA,012014109,42.4600752,-73.2492795834909,145,0
aebc256d-9cff-303b-862a-650a73fd8076,03c5769d-b185-35ee-b563-9e651cff95bc,Alina705 Rohan584,F,GENERAL PRACTICE,807 WILBRAHAM RD,SPRINGFIELD,MA,011092067,42.1108434,-72.5341133,1,0
6f7dfa95-7ac7-37d0-ac8f-d9fb04479f98,7ac466c6-7968-33fd-882c-6d5418f88c8a,Valeri645 Hayes766,F,GENERAL PRACTICE,2 MEETING HOUSE RD,CHELMSFORD,MA,018242700,42.60140085,-71.35097894451894,41,0
8ae1013f-d63a-33bd-9405-a77ece51f468,2f67494e-f17e-3248-ba68-3ca42913cca1,Brock407 Bergstrom287,M,GENERAL PRACTICE,184 MAIN STREET,FAIRHAVEN,MA,027193259,41.646106,-70.90865208079187,1,0
4049cc61-85a4-3310-8e27-7c40da7430a7,0d19a52f-6f9b-32aa-9aad-6b7027cc668e,Spencer878 Mills423,M,GENERAL PRACTICE,7 SANDISFIELD ROAD BOX 216,SANDISFIELD,MA,012559621,42.1131485,-73.1299243,3,0
1e6df72c-a2b7-3d3b-9edf-adb207b8b744,52efa2e5-007f-3396-a83a-28ca015f0595,Walton167 Turner526,M,GENERAL PRACTICE,20 N PARK AVE STE 2200A,PLYMOUTH,MA,023604090,41.960434631488596,-70.67007876763536,8,0
694c1851-d532-39d7-8984-9f0b9896cae9,0334ad53-5d57-384e-a411-63b075139c06,Stephen891 Stamm704,F,GENERAL PRACTICE,66 CENTRAL STREET,EAST BRIDGEWATER,MA,023331913,42.03160525,-70.9572577506426,4,0
94961595-fc92-3c29-bab8-dbaf478ff49a,069b90f9-309b-35e4-b990-d1dbacb962cc,Leo278 Strosin214,F,GENERAL PRACTICE,36 LOWER WESTFIELD ROAD,HOLYOKE,MA,010402749,42.16975305,-72.63488031242107,11,0
799a6548-a196-3ab2-808b-b4a8b68a5bf0,4ba48ef6-19f2-3177-bfaf-096daaebf26a,Gerald181 Wunsch504,M,GENERAL PRACTICE,275 TURNPIKE ST,BRAINTREE,MA,021845328,42.2064195,-71.005067,70,0
743a4f9e-db0d-335d-b85d-5060a210bb39,f438b8e0-d856-328a-b193-2b014fc4cb97,Karri995 Reinger292,F,GENERAL PRACTICE,981 VARNUM AVENUE,LOWELL,MA,018541913,42.64591185,-71.36487149058269,2,0
ee92103c-988b-31d4-9eda-936103953895,a2047ff6-62f2-34d7-beb9-7e164d989c75,Emma804 Larkin917,F,GENERAL PRACTICE,1200 CENTRE STREET,ROSLINDALE,MA,021311011,42.29768,-71.130463,4,0
d3623e27-f760-389d-a09d-5b0546aad9ce,936ceb96-2b12-371f-aa68-ee02a9c06f4c,Eddie505 Keeling57,F,GENERAL PRACTICE,225 BOSTON ST,LYNN,MA,019043124,42.470497449999996,-70.96003668151566,21,0
6b6410de-b8ad-35a8-adea-5e5a0aadcc03,51759ecf-0948-3f61-b8fc-09dd8f2b90a1,Damon455 Schultz619,M,GENERAL PRACTICE,CHRISTIAN HILL ROAD,GREAT BARRINGTON,MA,012301108,42.207865,-73.360405,11,0
7fdb2ff7-6daa-3019-ab9a-ce6199d8e990,0a8a4b11-d0b8-3cd2-92cd-983de5189cfa,Angelena945 Nicolas769,F,GENERAL PRACTICE,111 BIRCH STREET,LYNN,MA,019021574,42.47859105,-70.93458444045801,2,0
b0449eef-aa25-3c25-bcdf-ff12216fd409,d3fe08e0-6fdc-36bc-8f88-c8b7654cdcd8,Eustolia154 Paucek755,F,GENERAL PRACTICE,545 SW CUTOFF STE 9,WORCESTER,MA,016071766,42.211685200000005,-71.7968399931798,1,0
a9e733b7-7aed-333b-888e-dff96048b99a,335fe080-43f9-3219-84bd-031c4fcfe9d5,Claud279 Hilll811,M,GENERAL PRACTICE,146 PARK AVE,ARLINGTON,MA,024765829,42.421350950000004,-71.18224816367342,1,0
b69613c4-d86c-3413-a2dd-7211281f85a2,7b7ce654-a413-37d1-9d34-97240c0ac580,Landon622 Kihn564,M,GENERAL PRACTICE,1 WRENTHAM ST,BELLINGHAM,MA,020192532,42.025037350000005,-71.48945118224057,1,0
98c0cc84-4c78-3dc4-8768-6b5a78bd8478,929528f5-8239-36c7-aacb-39424ede9cc5,Enola75 Schinner682,F,GENERAL PRACTICE,40 SUNSET AVENUE,LENOX,MA,012402018,42.35951405,-73.28778674276077,6,0
9343c4e8-0d10-3df9-84fd-f77c30656d2c,7b20d1c4-c56b-3647-801c-5e4e13679073,Mozell819 Prohaska837,F,GENERAL PRACTICE,275 SANDWICH ST,PLYMOUTH,MA,023602183,41.94186605,-70.6455366462985,200,0
7ab03fa7-48ed-3eae-9634-609a15196c14,880c8804-deb0-35b0-9132-06950118b8b3,Sherron201 Flatley871,F,GENERAL PRACTICE,150 LINCOLN STREET,NEEDHAM,MA,024922914,42.2743931,-71.23662905222776,26,0
537acead-018f-3786-9cf6-ba1d339938e2,3e97ce4f-3ad7-3cea-883f-e2bb4ca89d83,Fidel864 Swift555,M,GENERAL PRACTICE,30 NEW CROSSING RD,READING,MA,018673270,42.51809619399502,-71.0959083715027,8,0
39aea54c-f8c7-33a2-9e89-afed7ac74971,c0132cf6-1703-3aad-89b4-cc2f2bbc123e,Neville893 Schoen8,M,GENERAL PRACTICE,66 NEWTON STREET,WALTHAM,MA,024536058,42.3746705,-71.22789736306842,42,0
e9a3afd1-1795-3a01-a99b-c3730f32f7e9,d5920b72-ac1a-3ec4-81ca-e3b75cb7aadd,Merrilee429 Daugherty69,F,GENERAL PRACTICE,251 Causeway St.,Boston,MA,02114,42.3665,-71.05931,25,0
c286e19d-bbbc-307d-b8c7-2e510e0452a7,552ede7f-2ba4-39ef-9217-29d27b89b8a7,Shameka870 Reichert620,F,GENERAL PRACTICE,87 SHATTUCK STREET,HAVERHILL,MA,018302319,42.796917699999995,-71.05216081525802,3,0
b3628c5c-5dce-3406-a144-5231bd7bf658,79d49935-bcc0-36ca-920b-45365c367438,Jamel269 Hudson301,M,GENERAL PRACTICE,409 W BROADWAY,SOUTH BOSTON,MA,021272245,42.336831,-71.047958,30,0
6380d5f3-f9d1-36bc-b52a-f9f8699062af,0f2c58ec-5323-3c0f-9bdf-af0df7eb2a2b,Owen89 Boehm581,M,GENERAL PRACTICE,130 DORCHESTER STREET,SOUTH BOSTON,MA,021272642,42.3334312,-71.0494949,14,0
31379062-19a9-3684-a09e-a3e944c0fdee,cdc87240-38e9-36f8-959b-706642e01e11,Vicente970 Armstrong51,M,GENERAL PRACTICE,243 CHARLES ST,STONEHAM,MA,021803559,42.4814675,-71.0924311,7,0
8288e6b6-1324-321a-b505-64893218a524,c6b019eb-28ec-36f6-abf3-bcc4d1d58966,Maren639 Aufderhar910,F,GENERAL PRACTICE,33 AVON ST,WAKEFIELD,MA,018802310,42.50403445,-71.07462951514611,85,0
91617839-026b-30bb-97b8-605c6879e188,dd8f40be-2c90-347a-abf6-c07a5ad4148f,Harold594 Bashirian201,M,GENERAL PRACTICE,105 CHESTNUT ST,NEEDHAM,MA,024922520,42.2784618,-71.23770041644639,58,0
8f14fa3e-f780-3bf6-890c-a9a80a14fea1,06376cbe-4880-384b-b459-7ce3eef36ced,Lynwood354 Ratke343,M,GENERAL PRACTICE,387 QUARRY ST,FALL RIVER,MA,027231026,41.6932713,-71.1402431739568,30,0
5793501a-11bb-31de-aed8-f927ee45c4f9,b3312a2d-37e9-35a8-b50d-6c165c437baa,Lorretta561 Reinger292,F,GENERAL PRACTICE,45 DIMOCK ST,ROXBURY,MA,021191029,42.32030665,-71.09721114916246,37,0
dfc54f95-59fb-3764-a02d-b38e66355784,2836d9ac-c6a6-39d1-8f13-fdf0fc8928f4,Roberto515 Gaitán874,M,GENERAL PRACTICE,365 EAST ST,TEWKSBURY,MA,018761950,42.6069472,-71.2180803,94,0
16d66d17-9016-35a2-b2f1-ec550451d605,a2f8d8fe-665e-390f-8b9b-efdc0b14a77c,Pearlene638 Towne435,F,GENERAL PRACTICE,161 JACKSON ST,LOWELL,MA,018522103,42.6425382,-71.3093946,19,0
87fe2bc4-43d2-3096-894a-3313885e7829,7dddc0c2-9f1d-3e4e-b2f2-fc7e6abbed31,Bryan958 Gibson10,M,GENERAL PRACTICE,160 MERRIMACK STREET  SUITE 1,METHUEN,MA,018446117,42.7334079,-71.13599310716302,8,0
ef8fb8ac-4ac9-3774-8ab7-b0024eaf529d,82c72223-f521-3a34-9b9b-4ff366365399,Margaret865 Reinger292,F,GENERAL PRACTICE,2100 DORCHESTER AVENUE,QUINCY,MA,021691870,42.2509914,-71.0037374,183,0
b7a92c1c-a710-3f0f-9bd6-031f3f5c0fa8,7c625dc4-2593-31eb-95fd-6a912832b8bb,Imogene688 Braun514,F,GENERAL PRACTICE,980 WASHINGTON STREET  SUITE 124,DEDHAM,MA,020266704,42.228918,-71.18501264023513,3,0
bc6597a7-7669-32b6-a30f-f133f5677aa1,04b252db-4231-3cb5-963d-6f096fb4b97c,Horace32 Grady603,M,GENERAL PRACTICE,1177 PROVIDENCE HIGHWAY,NORWOOD,MA,020625019,42.194543,-71.1994976,4,0
9a8251d3-b669-3bff-a4a8-945daa19940a,83579123-f29c-39b8-9f5f-8f79e91683c7,Reggie481 Kassulke119,M,GENERAL PRACTICE,100 CENTURY DR,WORCESTER,MA,016061244,42.3138278,-71.7707002,30,0
ac2336f6-49fe-3898-a5ea-582a5d07dbff,e2eab39c-5195-34aa-b35f-e89e37cfed01,January966 Roberts511,F,GENERAL PRACTICE,55 FOGG ROAD,WEYMOUTH,MA,021893141,42.175539799999996,-70.9539153674405,69,0
71959543-3a1a-3399-92bc-4d339f5716d7,4fa8411f-42f8-3353-8947-bf15254c9dee,Lane844 Gutmann970,F,GENERAL PRACTICE,90 GREENWOOD STREET,WAKEFIELD,MA,018804039,42.476321150000004,-71.06922169005762,3,0
134318af-d02f-3f2b-a168-6c1e4caad63c,1de7e7d9-9a7a-3a3f-bf4c-b4de450711f2,Clelia416 Morissette863,F,GENERAL PRACTICE,198 LITTLETON RD,WESTFORD,MA,018863429,42.564282,-71.42620615382347,14,0
4a8e7f0b-59c3-3133-aae6-05d023053b9c,f52777bd-7313-3b27-8dd5-cd3f87bd3275,Larraine124 Torphy630,F,GENERAL PRACTICE,9 HOPE AVE,WESTWOOD,MA,020902914,42.2139873,-71.2244987,48,0
ab555f38-2515-3a6d-b94f-fb5587bae8bc,df3f566c-97e5-31ed-b0fe-4b452666f736,Sandie760 Rodriguez71,F,GENERAL PRACTICE,300 CHESTNUT ST,NEEDHAM,MA,024922477,42.27522125,-71.23743483674366,49,0
b07926c1-592c-3ec0-9265-95c479761838,f5ccbb53-e4a0-32e5-a693-02150497a8f4,Tyrone215 Huels583,M,GENERAL PRACTICE,100 HIGHLAND ST,MILTON,MA,021863881,42.250705749999995,-71.07724199194602,34,0
cfc6c3ec-3b4b-300e-ae5d-7fc85dd75ec1,eaaf102d-0188-3a69-a751-030645e2a7b0,Errol226 Kiehn525,M,GENERAL PRACTICE,605 MAIN STREET,WAREHAM,MA,025711031,41.76766153042966,-70.73096212925822,5,0
bf989490-7500-37f8-a0e3-1e012291090f,578b56de-fe9c-32e1-aea4-876f8bc01e9c,Agnes294 Dooley940,F,GENERAL PRACTICE,49 HILLSIDE STREET,FALL RIVER,MA,027205211,41.707406500000005,-71.14593659462452,62,0
37faecb1-fc39-38f7-b2d3-4411688c5110,5608c6ae-1f1d-368e-8172-aea4d9d2aefd,Karin721 Sporer811,F,GENERAL PRACTICE,12 KENT WAY STE 210,BYFIELD,MA,019221221,42.75468625,-70.9451078257969,1,0
3422c7fe-980f-3af0-b8c6-699a795dfb7e,0d7fd824-1c7b-3f8b-a662-f6c2005e82e1,Lyndon118 Trantow673,M,GENERAL PRACTICE,88 MASONIC HOME ROAD,CHARLTON,MA,015071394,42.1389039,-71.9782681,2,0
19bb998b-276f-3712-8f82-e382a3135bd5,a525d084-5a8f-3859-a048-2130a4092ec8,Samuel331 Runte676,M,GENERAL PRACTICE,2 MOUNT ROYAL AVENUE  SUITE 350,MARLBOROUGH,MA,017521976,42.34042135,-71.57841367654626,1,0
d95e6428-08bc-3bd8-a868-71ae798200fa,accb8cdd-6560-3fef-b0a6-f12c3295026a,Gerardo48 Bergstrom287,M,GENERAL PRACTICE,969 PARK STREET,ATTLEBORO,MA,027035115,41.9266899,-71.2611303145582,14,0
4a7ceef1-178c-3c3d-a2ce-d022a10f93ca,18a96051-91f4-3cba-af96-056ea14dfee0,Silva841 Grimes165,F,GENERAL PRACTICE,25 HIGHLAND AVENUE,NEWBURYPORT,MA,019503872,42.81369325,-70.89091645747592,31,0
54655610-97ca-3b9b-9d7b-61ba20ed5410,1ab2b5f9-cb95-3236-beec-9b9d4a407c61,Latoria810 Eichmann909,F,GENERAL PRACTICE,725 NORTH ST,PITTSFIELD,MA,012014109,42.4600752,-73.2492795834909,43,0
58682b1d-f8d2-3c9d-a37e-0e6890864eb1,a43fd704-ddbc-3f63-b3a0-e97c5d42ab5e,Booker670 Bogan287,M,GENERAL PRACTICE,447 HILL ST,WHITINSVILLE,MA,015881016,42.1216837,-71.6715608,2,0
099e6477-a4b4-3b3f-835e-e7fe37d2b053,41e2a44c-477c-3511-96f9-12c476aa3b6a,Latoyia537 Lindgren255,F,GENERAL PRACTICE,85 E NEWTON ST,BOSTON,MA,021183553,42.336277100000004,-71.07085295687423,266,0
287122b7-16d7-3033-aa00-74482073f105,f00601d0-d49e-30ed-bc3e-314379f2103e,Elijah719 White193,M,GENERAL PRACTICE,490 MAIN ST,MELROSE,MA,021763841,42.4550741,-71.0654799,34,0
85efccd4-be52-3bf9-a695-b28abf66fcc8,9d41e4fc-9507-3ddb-82ad-966046fca031,Ashlyn643 Lehner980,F,GENERAL PRACTICE,104 RANDOLPH ROAD,WORCESTER,MA,016062465,42.29955605000001,-71.79838133819244,2,0
36841127-b2b3-39cc-88c8-4caaa1b1cbe2,5b0cd0a0-f277-3a66-bee6-d64b5be4a3f5,Waldo53 Hintz995,M,GENERAL PRACTICE,725 NORTH ST,PITTSFIELD,MA,012015493,42.4600752,-73.2492795834909,156,0
aa194b96-e0ec-3acb-aab9-c6d41ddd06bb,4956f573-3dc2-3a67-9692-2f57451744e6,Gerry91 Davis923,M,GENERAL PRACTICE,400 BOLTON STREET,MARLBOROUGH,MA,017523912,42.35966285,-71.55290125539051,3,0
d73f12f8-cf6d-3b18-a611-d359a42779b1,b44955d1-f0e2-3beb-a013-708a81dbe430,Idella49 Runte676,F,GENERAL PRACTICE,680 CENTRE ST,WEST BRIDGEWATER,MA,023791600,42.0219112,-71.019004,48,0
bb0dc2f7-3048-38f4-8cb2-8dadb4e029a9,363631be-d437-3548-98c2-d10b909c1721,Monty345 Ferry570,M,GENERAL PRACTICE,50 MANSION DRIVE,ROWLEY,MA,019691026,42.73718535100735,-70.88053187301136,19,0
4c6761f2-391c-39f5-9b5d-00a44d447c8b,60e897f9-7491-3610-81e5-d44b3d36b8c4,Aaron697 Strosin214,M,GENERAL PRACTICE,63 STATE RD,GREAT BARRINGTON,MA,012301224,42.20224745,-73.35469687339696,56,0
e125ec2d-120e-3c41-83d1-a0976c10d65b,c1986c0c-f756-3596-8f90-08adacf220fe,Cristy798 Auer97,F,GENERAL PRACTICE,73 CHESTNUT STREET,SAUGUS,MA,019061605,42.4573919,-70.9918055,10,0
abbca166-cfef-3a00-a749-6bf1ef116d49,18b1bb7e-2f93-3253-a7ae-d19c13ffeaa1,Derick144 Bashirian201,M,GENERAL PRACTICE,29 E 29TH ST,WEST NEWBURY,MA,019854201,42.8014795,-70.989778,38,0
fe1e3781-caf2-3410-b161-900ebd36dbd2,67d2f85b-ddc7-3ed0-b90b-6fa5b7b8358a,Cristian531 Peña909,M,GENERAL PRACTICE,43 FOUNDRY AVE,WALTHAM,MA,024538313,42.37050535,-71.21908334877376,97,0
941d48ac-bff3-3708-818c-00958e6818ec,514c9360-e5ed-3ba7-ba3c-15b249c097d0,Sid118 Wilkinson796,M,GENERAL PRACTICE,272 WASHINGTON ST,GLOUCESTER,MA,019304818,42.624039100000005,-70.67854005962928,1,0
4fb5e609-f568-3f61-bfdd-18344d4c3788,d3335d07-2a2c-35d7-9b87-c022393b6793,Xavier983 Lubowitz58,M,GENERAL PRACTICE,137 NICHOLS STREET,NORWOOD,MA,020622009,42.1930792,-71.20868232395514,3,0
1725149d-f70a-35b6-b0b1-296a518a652d,0d1570ab-371c-3898-9397-95905d8c5166,Santina680 Dicki44,F,GENERAL PRACTICE,750 WASHINGTON ST,BOSTON,MA,021111552,42.3499038,-71.0631836,192,0
c0cd7368-dc12-3768-923a-c0772df1b425,1853aeef-5897-326a-80d6-aa4b0459eb6d,Jewel43 Kassulke119,M,GENERAL PRACTICE,381 WICKENDEN ST,ATTLEBORO,MA,027032247,41.9438129,-71.2806515,22,0
edb584ba-cf88-31fa-aa9c-4067a6199c34,4b7e26e6-e5b1-38c9-b4ac-fde9a0f93177,Maggie320 Eichmann909,F,GENERAL PRACTICE,38 BROAD STREET,QUINCY,MA,021694604,42.2560352,-70.99469254391217,116,0
cc7fac2b-d461-397d-8c03-f1429c1d0eab,94dda4e1-7476-367a-b1f8-37ea7f61a1b7,Dylan44 Robel940,M,GENERAL PRACTICE,145 WARD HILL AVENUE,WESTBOROUGH,MA,015811017,42.2694308,-71.6129907,16,0
0fc66efd-172b-3d2f-9377-465c2263b028,22fa6d28-92b6-3446-a388-f5aba50debaf,Clarence5 Robel940,F,GENERAL PRACTICE,123 CAPTAIN'S ROW,CHELSEA,MA,021504019,42.3917638,-71.0328284,7,0
38ad01e4-47e9-3505-baaa-b35903bc9e7f,2ca615f3-87f7-3283-a447-d919a883b676,Elizbeth263 Dickinson688,F,GENERAL PRACTICE,1399 WASHINGTON ST,HANOVER,MA,023391653,42.1441354,-70.8440854,23,0
11abf56f-aad2-34b8-b90e-ba2e1d35312c,c0a33465-d309-3d2a-932e-9d554a7cc19c,Veronika907 Rogahn59,F,GENERAL PRACTICE,100 CENTURY DR,WORCESTER,MA,016061244,42.3138278,-71.7707002,12,0
e64d6340-df8c-3299-bbde-f1ca664ce6d2,7f32dd7d-5c35-3ddb-839b-8fbbb930d412,Tyron580 Littel644,M,GENERAL PRACTICE,863 CENTRAL STREET,FRAMINGHAM,MA,017014813,42.30758060362541,-71.42846215724606,3,0
752d552a-4ff8-3d58-926c-a791722b82dd,51d38e67-9350-39b8-bbb3-91cc879ae415,Millie392 Hoppe518,F,GENERAL PRACTICE,335 NICHOLS ROAD,FITCHBURG,MA,014201932,42.598254850000004,-71.80841914533654,33,0
e9d150e9-7b02-3300-a96e-c549c1505f44,80646050-1c76-3046-bbc8-fd5f0b7c34e6,Rosalia943 Barajas558,F,GENERAL PRACTICE,140 ARNHOW FARM ROAD,FITCHBURG,MA,014201369,42.5903661,-71.8119837,48,0
a27e3bf6-1f7c-3830-82c5-53baf51098db,1b3fe590-8793-3f08-865d-01fc425a84d4,Fredrick998 Wintheiser220,M,GENERAL PRACTICE,1340 BOYLSTON ST,BOSTON,MA,022154302,42.34392675,-71.09888049065322,46,0
24f26b61-e900-3ca0-b206-a8cb87370df9,3f12ebb4-e03c-3453-88d2-4fc9682383df,Erwin847 Stiedemann542,M,GENERAL PRACTICE,726 COUNTY ST,NORTH DARTMOUTH,MA,027473603,41.6389926,-70.9703171,137,0
80f1f328-a38f-3433-9377-8ed9ef10a0cb,9c9d017c-0a4d-3e03-9802-4d310ea05c71,Isiah14 Schaefer657,M,GENERAL PRACTICE,70 FULTON ST,BOSTON,MA,021091402,42.362439499999994,-71.05377386223965,1,0
2df64aab-16f3-3a2c-a21a-f86876adabb2,8af3b144-0e1a-3c90-937d-81a4ed026080,Guillermo498 Fay398,M,GENERAL PRACTICE,800 WASHINGTON STREET,NORWOOD,MA,020623489,42.1886973,-71.2005241,4,0
0dc43991-3de9-31d7-bd63-8214bf40c533,9fdce5d5-d4d0-3156-a8d5-8757bfe4e9b3,Pamelia915 Kilback373,F,GENERAL PRACTICE,1 FARMER CIR,ARLINGTON,MA,024742866,42.42405225,-71.16792616556859,50,0
3e6138e7-fbd0-3e38-b804-2838e07540f3,86f41096-d81f-3e26-b770-b26adc017d3e,Floyd420 Prohaska837,M,GENERAL PRACTICE,288 WASHINGTON STREET,QUINCY,MA,021695523,42.24983615,-70.9902487341626,6,0
f56c4269-0b9a-3246-b30a-f8597428105e,b014aec7-7bd8-351f-8808-3e280cbc5be6,Sergio619 Volkman526,M,GENERAL PRACTICE,70 EAST ST,HAVERHILL,MA,018306700,42.7777829,-71.0767724,5,0
0e28c21e-2d22-3cc1-951d-efd5ac9ef42e,5cf11f0d-eea6-39bb-b83a-bd99e4259b83,Austin578 Hackett68,F,GENERAL PRACTICE,190 NORTH AVE,HAVERHILL,MA,018302238,42.801287200000004,-71.08349835346564,1,0
ee99da54-77a1-3ea9-8a94-39ffe408248f,b3b56527-d366-3353-bca9-266a12f23051,Obdulia648 Schroeder447,F,GENERAL PRACTICE,60 QUAKER HIGHWAY,UXBRIDGE,MA,015691628,42.06100105,-71.62352848737622,10,0
d3c32d80-5ffb-328c-a9ec-8a7c1a95ef4a,b242f971-3c74-3778-b148-81366c1e6a3f,Leland44 Bernier607,M,GENERAL PRACTICE,10 CAREMATRIX DR,DEDHAM,MA,020266149,42.2270762,-71.17237295563174,182,0
f472aecd-4671-3023-9e49-1e90be4323b0,e8d0fea4-45cb-32d3-8798-0fe6156c4409,Dannie881 Howell947,F,GENERAL PRACTICE,265 ESSEX STREET,BEVERLY,MA,019151958,42.56513015,-70.86168781456092,3,0
4ecd7580-ce57-353c-9682-29528e15c1c6,36c8b677-a6ce-3266-b71e-ed86d778d0fa,Jerrell6 Rippin620,M,GENERAL PRACTICE,300 FRIBERG PKWY,WESTBOROUGH,MA,015813900,42.28350315,-71.58027718702151,4,0
c238cdeb-7c29-36dd-bfd5-414e659bb9f1,e92dad8b-f485-315a-8fc4-1d7adfdc9c00,Ramiro608 Anderson154,M,GENERAL PRACTICE,581 FAUNCE CORNER RD,DARTMOUTH,MA,027471242,41.676111381167445,-70.98788528176077,223,0
fe7dcace-ebc1-3a95-acf5-f1c98c076a1b,aad05540-c9cb-3805-b3c4-f9b9d9b42b2e,Carlota980 Maya972,F,GENERAL PRACTICE,821 E MAIN ST STE 3,CHICOPEE,MA,010206306,42.155774795300516,-72.55672263289513,70,0
4925faf7-7924-3fa8-8f4e-ce88fe08f9f3,2987ddf5-7ff2-3e4a-9e25-d654a10313fd,Ted955 O'Connell601,M,GENERAL PRACTICE,519 MAIN STREET,MEDFIELD,MA,020522522,42.186209649999995,-71.30745495273302,2,0
7f9adfb2-4cb1-3229-ba4c-843eddea283e,19a3afba-b409-3650-a0ab-f3faf6e391ef,Patrina117 Strosin214,F,GENERAL PRACTICE,199 REEDSDALE RD,WALTHAM,MA,024511433,42.3756401,-71.2358004,22,0
52bc936d-3c75-3cfe-b796-e6f3e7e13986,83a08dcf-7ed6-3d2e-afc0-a72c05d2563c,Thaddeus38 Stiedemann542,M,GENERAL PRACTICE,755 MAIN ST,HAVERHILL,MA,018302166,42.797835,-71.0878121,33,0
830d9148-7081-3679-88e8-441f8e506456,562176c7-c337-3bd1-b8f4-89853772589b,Lenny728 Schuppe920,M,GENERAL PRACTICE,877 SOUTH ST,PITTSFIELD,MA,012018243,42.417399950000004,-73.25836946569122,1,0
dee0ed1c-4a82-324c-9164-8890bcefb445,b826cbda-f69b-32d0-9e6e-edcb80f692bb,Kisha966 Beahan375,F,GENERAL PRACTICE,169 VALENTINE ROAD,PITTSFIELD,MA,012013042,42.45821049070386,-73.27683573566691,10,0
07b701cf-a837-3827-8d64-a44b1adfea59,25c85bcc-7e25-36bc-89e8-08e0d473db23,Stephen891 Okuneva707,M,GENERAL PRACTICE,138 S MAIN ST STE 14,MILFORD,MA,017573272,42.1270746,-71.51639128815474,31,0
a544df46-6f68-3e68-abe0-f970b3f6dc62,f692f508-aa5e-3060-b98a-23165e5aa12f,Whitney250 Crona259,M,GENERAL PRACTICE,35 NEW ENGLAND BUSINESS CENTER DR STE 207,NORWOOD,MA,020624692,42.194543,-71.1994976,8,0
c5c2c981-f461-3420-96fe-4943ad8beafd,81991e0d-8034-36c8-be5c-624b44cb67de,Xochitl483 Predovic534,F,GENERAL PRACTICE,76 NORTH ST,MIDDLEBORO,MA,023461619,41.9014651,-70.91375666607357,2,0
29bba489-80c4-3658-81a8-9d2f012a54fc,2f5c26cd-be8d-351a-97af-23fbcaba0967,Mariano761 Zepeda235,M,GENERAL PRACTICE,36 CORDAGE PARK CIR,PLYMOUTH,MA,023607320,41.978323,-70.689036,1,0
5b2918da-0c4f-3ab9-a430-fbfb3aed915d,e68de1a0-767e-3466-b9a6-43948ee073d3,Simone657 Ratke343,F,GENERAL PRACTICE,160 WELLS AVENUE,NEWTON,MA,024593302,42.29337605,-71.19806353028767,8,0
e27df6e4-a63a-3d61-b45e-cff86aa59030,cbebae9e-f95e-3d2c-9712-289ea8d6aeec,George991 Haley279,M,GENERAL PRACTICE,49 ROBINWOOD AVENUE,QUINCY,MA,021698130,42.2509914,-71.0037374,270,0
e475dc3c-4b7c-3aed-9d63-b7e77a0b26c6,5862e05c-9533-3f7a-8f73-215d50f5ee2f,Estell607 Barton704,F,GENERAL PRACTICE,1200 CENTRE ST,ROSLINDALE,MA,021311000,42.29768,-71.130463,11,0
662ba320-dd4e-30e7-9bf6-527da470b990,ec7e487e-7e78-3eac-a9ee-37f8de98a0f9,Sid118 Hammes673,M,GENERAL PRACTICE,277 WASHINGTON STREET,ABINGTON,MA,023512489,42.10060947239023,-70.94967338146704,15,0
31b84118-f4af-382e-8ceb-6734935fe8af,a5577e5c-b886-37a0-8eee-8ff6feb7ea6b,Leopoldo762 Keebler762,M,GENERAL PRACTICE,330 MOUNT AUBURN ST,CAMBRIDGE,MA,021385502,42.3741033,-71.13417575971958,781,0
74a7ddd1-1e79-3d8c-9c29-b6c8aae5a736,7dcab1ad-0e13-3700-9eb0-70767c5e2b55,German382 Wilkinson796,M,GENERAL PRACTICE,1515 ALLEN ST,SPRINGFIELD,MA,011181803,42.095299499999996,-72.50943136142334,4,0
6b408b5f-678a-3142-8ed2-bcf9f04160a4,ce9c1582-994d-32bf-835c-474a249d2804,Clifton91 Veum823,M,GENERAL PRACTICE,275 MARTINE STREET  SUITE 104,FALL RIVER,MA,027231500,41.68393816525316,-71.1220830626733,9,0
ba892cd9-3ecc-3e30-bb8c-d30eb74dfbc0,b4064f5c-4729-31ef-a5b1-5343474c9520,Ariel183 Boyer713,F,GENERAL PRACTICE,63 KENDRICK ST,NEEDHAM,MA,024942708,42.2972045,-71.21072731380494,1,0
4436c0f7-3c6c-356f-8258-5e192181c4ed,6ea4d3d6-d820-387a-a3d1-ed5944ad47a2,Fabian647 Larkin917,M,GENERAL PRACTICE,232 PLEASANT ST,METHUEN,MA,018447152,42.7397562,-71.17113575205717,18,0
4caf90ea-613f-3972-979f-d0a819b82459,f2f525c9-8e06-3009-b720-ccf449bce7a5,Larhonda769 Fisher429,F,GENERAL PRACTICE,320 PITTSFIELD RD,LENOX,MA,012402377,42.3939874,-73.2706999222404,1,0
051f2ea4-7fc7-3da6-ac15-3bb492391e03,966245ce-e84d-36b0-a838-2e0b5bb2e668,Refugio197 Crooks415,M,GENERAL PRACTICE,1425 BLUE HILL AVENUE,MATTAPAN,MA,021262122,42.2754929,-71.09384131587021,3,0
390b9c59-6406-3506-a215-9f2d3e4b5c56,9dbd44ba-59b2-3d1d-ac91-3880af8081d2,Rob341 Larson43,M,GENERAL PRACTICE,529 MAIN ST STE B,ACTON,MA,017203965,42.4878132338563,-71.43046999422496,28,0
a45986f0-1da2-3ea0-9ba8-681bea08c1a2,b7866c75-5e56-36b0-b9c5-c63051677b69,Neida631 Skiles927,F,GENERAL PRACTICE,45 RESNIK RD,SANDWICH,MA,02563,41.7579043,-70.4968152,38,0
abf9f422-e5c3-3157-bd05-edc3d908c04c,845fbd9b-2d1c-39a8-8261-28ae40e4fab2,Bennett146 Rippin620,M,GENERAL PRACTICE,14 PROSPECT STREET,UPTON,MA,015681431,42.1700209025178,-71.59409308099494,186,0
026c6f9b-e3cb-3d05-abfd-0ae1cba9f764,bac9dc0c-cb0f-3fa6-aa12-819dd0fb922a,Floy720 Greenfelder433,F,GENERAL PRACTICE,1493 CAMBRIDGE ST,SOMERVILLE,MA,021452935,42.3875968,-71.0994968,10,0
1f4a3094-ce73-3e1d-b1bb-cbd7634629fe,84d5768f-3a21-3da9-aad2-bbf7a3ae2700,Hank686 Schneider199,M,GENERAL PRACTICE,817 MERRIMACK ST,LOWELL,MA,018543548,42.650296999999995,-71.32263756223612,28,0
afd22751-3f90-37e9-8ff2-1caad5d16b20,9ce6072b-d039-3cde-8eaf-950211b8ae88,Saul605 Ratke343,M,GENERAL PRACTICE,147 S MAIN ST,MIDDLETON,MA,019492446,42.585787222720036,-71.00861442427218,38,0
d31bcfb6-26b5-3f7a-b7a7-8bef728a87c0,af8566eb-8918-3ec7-ba44-92b6a2cf8097,Madelaine318 Walker122,F,GENERAL PRACTICE,81 HIGHLAND AVE,SALEM,MA,019702714,42.5112107,-70.90516241826194,161,0
49e7eb43-d2b8-3857-8fa2-f3dc95ea1b08,d4a03501-69f6-3a89-ac27-ed25976fdb6f,Clarence5 Hyatt152,M,GENERAL PRACTICE,25 WOODLAND ROAD,STONEHAM,MA,021801705,42.450448800000004,-71.09076944938434,2,0
ba549572-60c9-3843-93eb-81df7e764f06,ecd3b321-0a8a-3ce6-81f0-982dd77fce43,Tracie996 Lesch175,F,GENERAL PRACTICE,25 HIGHLAND AVE,NEWBURYPORT,MA,019503867,42.81369325,-70.89091645747592,48,0
63c15517-45ae-39d1-bc26-0cc26efbd9fe,eb2596c3-8814-3add-8516-474214bf5c62,Jaqueline846 Lemke654,F,GENERAL PRACTICE,250 W UNION ST,ASHLAND,MA,017211420,42.24214015,-71.48110671819278,1,0
9802efa0-8917-34f9-a63d-13e322f28125,42c13743-f36f-370a-a5ca-3e3c9795e02d,Tiffani287 Toy286,F,GENERAL PRACTICE,17 CHIPMAN WAY,KINGSTON,MA,023641039,42.0115267956362,-70.78988939618995,1,0
9b80615a-617a-36bf-a308-ccd31b84350b,058176fd-cbb0-328b-8411-c19f5045032d,Breana975 Sanford861,F,GENERAL PRACTICE,840 EMERSON GARDENS ROAD,LEXINGTON,MA,02420,42.43761961817366,-71.19888753880475,4,0
a9e15e65-2a6b-39c1-899e-0cd04a55b53a,4f5e8f16-a31b-3071-8556-d7188ede313d,Barrett790 Wolf938,M,GENERAL PRACTICE,575 BEECH ST,HOLYOKE,MA,010402223,42.20105435,-72.628169560868,132,0
dfdf2ba5-28a5-3a46-a24f-d04aab8395a4,f90ef475-defe-363d-a926-573b38f804a2,Kristopher775 Schiller186,M,GENERAL PRACTICE,54 HOPEDALE ST,HOPKINTON,MA,017481672,42.2288875,-71.5196439,73,0
6084b7ff-411c-3638-b7a8-84e4f4be7918,071a898d-3535-39fd-bf61-d33301aacd04,Jefferey580 Luettgen772,M,GENERAL PRACTICE,104 CHARLES ELDRIDGE RD,LAKEVILLE,MA,023471370,41.8459353,-70.9494854,62,0
ac222f2b-3923-3c68-a687-7dafa7f1b44f,a25107f7-f4f5-36fc-98e4-f3e1b5875c91,Yesenia104 Wilderman619,F,GENERAL PRACTICE,1285 BEACON ST,WOBURN,MA,018012157,42.4979478,-71.1684508,5,0
3b002a86-521f-3622-a5ca-917fc26ed20a,0e6c3ad1-24c1-34cb-bb6d-e8438fa319e2,Eufemia350 Casper496,F,GENERAL PRACTICE,50 DODGE ST,SWAMPSCOTT,MA,019071300,42.4699241,-70.9171507,4,0
1dba7485-5602-3f31-9b43-5f8cc6214208,3662bcd2-07cc-364c-bd86-161bb738aacf,Arielle168 Dare640,F,GENERAL PRACTICE,1340 CENTRE ST STE 208,NEWTON,MA,024611900,42.3281027,-71.19582114345262,1,0
5f230721-5291-3013-9573-a0cdccea5308,3695125c-c052-3ece-898a-2a6448987ae5,Cristian531 Granados71,M,GENERAL PRACTICE,2040 BOSTON RD STE 5,WILBRAHAM,MA,010951380,42.150295650000004,-72.47288272264812,13,0
2075891a-8321-3381-8608-d327c022e2f4,05fcf001-ab24-3d7d-85f7-f64942d82738,Nickolas58 Schumm995,M,GENERAL PRACTICE,250 POND STREET,FRAMINGHAM,MA,017014592,42.2838619,-71.4093719,54,0
8196c836-a61f-3897-a76a-544fdc71254b,e87cda4c-1ad8-3a9e-b55f-7bfe987610ce,Josephina269 Bechtelar572,F,GENERAL PRACTICE,326 NICHOLS RD,FITCHBURG,MA,014201914,42.5974358,-71.80761197366103,77,0
d178e5e3-2469-3bed-aacd-ec1b4a6d64b9,28d71598-85eb-3a0e-90c1-22e0be1af57c,Jodie811 Hermann103,F,GENERAL PRACTICE,38 MULBERRY ST STE 204,NORTHAMPTON,MA,010602832,42.35436315,-72.70256804599192,71,0
9112b02c-9f7a-359b-ba45-b8e4265de853,7d627533-adbd-320a-9054-db91a2811597,Lester513 Schroeder447,M,GENERAL PRACTICE,480 JACKSON ST,METHUEN,MA,018444020,42.7327291,-71.16807304424162,2,0
080a0766-1225-3bb0-bf5b-cf0cee89db58,f5c6acf1-d209-3ba2-9fec-f70dda7001f0,Guadalupe206 Villagómez416,F,GENERAL PRACTICE,320 MAPLE AVE,GREAT BARRINGTON,MA,012301951,42.18317635,-73.37707900285446,1,0
458dd3e8-c2fc-33c3-8c32-37d10af2448b,9adfae03-673d-365d-9052-f705098fa3e4,Sharilyn202 Wolff180,F,GENERAL PRACTICE,51 BLOSSOM ST,BOSTON,MA,021142699,42.36305545,-71.06643399281765,11,0
bccd3b05-9d2e-336e-a1d6-4d8843c02e91,9f85a8c8-007c-3490-a7b7-4a0324c13307,Ignacio928 Coronado577,M,GENERAL PRACTICE,70 FULTON ST,BOSTON,MA,021091402,42.362439499999994,-71.05377386223965,38,0
433d8e23-f356-3374-ae9c-6bded3c3aeb0,25431f9a-00e4-36d8-9810-4125328eec50,Paris331 Ruecker817,M,GENERAL PRACTICE,55 FRUIT ST,WALTHAM,MA,02451,42.3756401,-71.2358004,64,0
8c651eca-9c1b-3959-b050-40d8973ecd8b,89171335-b9c0-3326-98d6-a837d432b9fd,Louis204 Hauck852,M,GENERAL PRACTICE,150 FLANDERS ROAD,LYNN,MA,019042915,42.466763,-70.9494939,80,0
43f6ead5-22f6-3dca-99f5-f31d5b78a083,c1a85a41-6758-3edc-95ec-238b8ac72a40,Alfredo17 Lesch175,M,GENERAL PRACTICE,65 CENTRAL ST,GEORGETOWN,MA,018332112,42.7211656,-70.99324119227308,34,0
400ba519-124b-3f81-a57b-1076d6b76b27,217cb6f6-e822-3831-9d9d-ffa104971042,Cira533 Jakubowski832,F,GENERAL PRACTICE,2 REHABILITATION WAY,WOBURN,MA,018016003,42.46352265,-71.161925472006,187,0
826f1cc7-0995-3f81-80a2-1208356573ec,8a6e21d0-da20-3378-8176-4e5ad2b51983,Laine739 Torphy630,F,GENERAL PRACTICE,84 ELM STREET,HOLLISTON,MA,017462138,42.20234485,-71.42493275079366,5,0
eefd3c7a-15c1-3c75-b6cd-35acd2f81026,e2a8b444-9b8f-36ff-84c4-05ee98589482,Elmer371 Gusikowski974,M,GENERAL PRACTICE,8 SHIPWAY PL # C-8,CHARLESTOWN,MA,021294301,42.3778749,-71.0619957,28,0
49b5107d-8b5d-3577-aef0-b37aca8e3e80,3517aff1-b163-3cd5-8fff-19710fcdc1b7,Brendan864 Cremin516,M,GENERAL PRACTICE,400 HEMENWAY STREET,MARLBOROUGH,MA,017526762,42.36006255767826,-71.5077613040944,12,0
fdadecd4-9cb8-3695-8afa-a0d34a0a7545,18d2c9c2-4b92-3664-9b8e-419aff3ce942,Raymon366 Block661,M,GENERAL PRACTICE,175 GROVE STREET,BRAINTREE,MA,021847253,42.19127375,-70.99279579751581,14,0
cc71781b-c3ed-375a-9b26-ab95eebe3051,121b0ad1-1beb-3caa-9271-3d3f726bb727,Cortez851 Price929,M,GENERAL PRACTICE,1030 MAIN STREET,WALTHAM,MA,024517447,42.375828,-71.2527956,23,0
a4140b66-7c01-3fa3-8ecb-224dbdb52b11,43f37d29-0bcb-3d84-b9c0-9ee4f2485ff2,Maria750 Romaguera67,F,GENERAL PRACTICE,168 WALTON RD UNIT 19,ROWLEY,MA,019692014,42.7136977,-70.8818364,61,0
ed8cee3f-3453-3cbb-b518-21bde49fd92d,f6ba791e-fe68-3596-bef4-60751db6a60e,Miguel815 Perea353,M,GENERAL PRACTICE,37 BIRCH STREET,MILFORD,MA,017575501,42.1424349,-71.48943173357203,5,0
b7a33864-39e8-36ff-97f1-e423374ede4d,e1892a2c-6dca-3c4c-93b7-0e00a9eb8b61,Derek111 Erdman779,M,GENERAL PRACTICE,20 EAST ST,HANOVER,MA,023391638,42.1278249,-70.82664947485381,137,0
92fccf64-2301-3ac0-b90d-630f9ca39551,b954c464-11ea-312b-a3f8-1350775bfa54,Rupert654 Walker122,M,GENERAL PRACTICE,123 CAPTAIN'S ROW,CHELSEA,MA,021504019,42.3917638,-71.0328284,9,0
8b1e103f-cf02-31c4-a8f6-3816bbf0b1ff,95f6c328-96dd-3fb8-a56e-9aad566094b4,Milda157 Schoen8,F,GENERAL PRACTICE,4 STONY HILL ROAD,WILBRAHAM,MA,010951027,42.1552861,-72.48384800788648,26,0
d391d850-8f38-34f4-ab59-8ed34dfb40e1,485ae27b-c5ba-3fd0-9a16-c9eea20be185,Lael572 Kris249,F,GENERAL PRACTICE,275 MARTINE STREET  SUITE 202,FALL RIVER,MA,027231518,41.68393816525316,-71.1220830626733,1,0
8ff0bd31-c224-3a0c-acc1-614aa44290ea,035b7574-2fec-3922-8b57-2388164422e6,Pedro316 Bétancourt447,M,GENERAL PRACTICE,874 PURCHASE ST,NEW BEDFORD,MA,027406232,41.636177,-70.926054,1,0
d2faf7df-ef99-3a17-8ba6-1cf7bbc9431d,6d16a8e3-3569-38ab-afac-a2f8c1125085,Lynn917 Crona259,M,GENERAL PRACTICE,1010 WALTHAM STREET,LEXINGTON,MA,024218052,42.4139392,-71.22929265883278,2,0
191590bf-3c4e-3faa-b2b9-5eb9ec1762d8,76baa51d-0d0f-359d-a07b-7b999a43d42e,Dong972 Gibson10,F,GENERAL PRACTICE,101 STATION DR STE 240,WESTWOOD,MA,020902336,42.20728361922244,-71.15698168263435,100,0
71c8e9d9-a0dc-3c47-aebd-cade93987654,53f086de-2fc7-3d35-92c2-aca4ed944e7f,Chang901 Kutch271,M,GENERAL PRACTICE,1 GENERAL ST,LAWRENCE,MA,018412961,42.7097143,-71.15007700778098,51,0
81e863bd-dd6f-3c5f-a377-8a9e21032d72,20f63278-6709-3195-b767-782d2a10bd5c,Gregorio366 León820,M,GENERAL PRACTICE,640 CONCORD AVENUE,CAMBRIDGE,MA,021381116,42.389222000000004,-71.14799280677965,14,0
c33fa381-4dff-31c2-af8e-ba831e049341,c709c5eb-ddd7-3778-84f7-0931a4d1c718,Carmelina668 Goyette777,F,GENERAL PRACTICE,1200 CENTRE ST,ROSLINDALE,MA,021311000,42.29768,-71.130463,33,0
dffefcc7-7eb1-3c0a-aa02-b4af91e901a4,8d81bd8c-ad6c-37f7-95c9-75fd3de24e86,Clare187 Marquardt819,F,GENERAL PRACTICE,118 MAIN ST,STURBRIDGE,MA,015661533,42.0905134,-72.06606362965572,24,0
def08ed9-1759-3260-8bcc-c3997171154e,ac0fde88-b0ad-3388-a4a8-b8fc2a4f4af2,Bobbye345 Wuckert783,F,GENERAL PRACTICE,150 YORK STREET,STOUGHTON,MA,020729105,42.144646800000004,-71.09875876961266,21,0
86ccdd96-bebd-33bd-a50d-bc39261eea9c,d70d47dc-b40c-3a04-8342-35cbfe716409,Lakenya863 Hilpert278,F,GENERAL PRACTICE,83 LITTLEFIELD RD,NEWTON,MA,024593010,42.3104327,-71.18883283411856,35,0
efd3753a-127b-3e2e-bb6c-b8a532114c54,0592d4e5-a0fb-3143-83cd-8e5a6b066a96,Mica978 Lemke654,F,GENERAL PRACTICE,20 EAST ST,HANOVER,MA,023391638,42.1278249,-70.82664947485381,55,0
d29368dc-a92d-3465-b7f2-c3a83f5aca65,c67ca7ed-4769-3b6c-a0a9-993f1227ff10,Allen322 Veum823,M,GENERAL PRACTICE,1 BLACKBURN DR,GLOUCESTER,MA,019302237,42.6269312,-70.65555242413386,33,0
f64cb51c-9e4e-315f-a859-f7dbd5db56ca,7b5bf0fc-c5c0-3f22-980b-fdfff326a9b4,Lorenzo669 Castañeda925,M,GENERAL PRACTICE,40 CUMBERLAND AVE,NORTH ATTLEBORO,MA,027604445,41.9316677,-71.35407469790115,2,0
bd4a389a-9775-39b8-8704-16b5e1734b02,6aae7a31-90df-3455-ad8d-81f8cf2d21e8,Houston994 Funk324,M,GENERAL PRACTICE,680 CENTRE ST,BROCKTON,MA,023023308,42.0872752,-70.9910738855076,261,0
5438116e-a38b-3ad2-b1fa-6c735aef6ca0,14036728-b721-3e4b-8755-8ee8ab6ed15e,Rocky100 Schmeler639,M,GENERAL PRACTICE,625 MOUNT AUBURN ST,CAMBRIDGE,MA,021384518,42.375351,-71.1468628,85,0
